nm,mua[cm-1],mua_std[cm-1],mus[cm-1],mus_std[cm-1],mus_fit[cm-1],musp[cm-1],musp_std[cm-1],assumed_g
450.0,1.561,0.27598333283008236,185.85000000002043,287.92790893113903,104.38457672305637,0.037169999999999995,0.05758558178622145,0.9998
452.0,1.638,0.1950132632399811,644.0000000000709,166.4134877012527,103.3208934172679,0.1288,0.03328269754024688,0.9998
454.0,1.343,0.15456470138288442,670.0000000000738,240.07235997653717,102.26804908990458,0.134,0.04801447199530214,0.9998
456.0,1.163,0.13595154728754116,563.5000000000621,163.0271654254975,101.22593329131213,0.11270000000000001,0.032605433085095906,0.9998
458.0,0.9773,0.11748542961933409,665.0000000000733,153.5553159670273,100.19443669732304,0.133,0.030711063193402076,0.9998
460.0,0.8533000000000001,0.09220998312359853,714.5000000000787,242.72866360571317,99.17345109778785,0.1429,0.04854573272113729,0.9998
462.0,0.7592,0.08687305908658756,747.0000000000823,175.88070890646,98.16286938522302,0.1494,0.035176141781288126,0.9998
464.0,0.7266,0.07828859400076923,681.0000000000749,196.3195238179516,97.16258554357489,0.1362,0.03926390476358599,0.9998
466.0,0.7022,0.07628089902167881,671.0000000000738,176.69144794750153,96.17249463709796,0.13419999999999999,0.03533828958949642,0.9998
468.0,0.6642000000000001,0.08435712444390484,681.500000000075,162.67515536444196,95.19249279934645,0.1363,0.032535031072884815,0.9998
470.0,0.6291,0.07138764460653632,738.5000000000813,153.9198799520376,94.22247722227812,0.1477,0.03078397599040413,0.9998
472.0,0.6024,0.07089233011501175,681.0000000000749,157.09571294181387,93.26234614546904,0.1362,0.03141914258835932,0.9998
474.0,0.6386999999999999,0.06458477823951175,632.5000000000697,152.4032931581113,92.3119988454384,0.1265,0.0304806586316189,0.9998
476.0,0.6051,0.07143901828366157,702.0000000000773,137.29555305578197,91.37133562508195,0.1404,0.027459110611153366,0.9998
478.0,0.6094999999999999,0.06666746295820736,605.0000000000666,136.08979356874758,90.44025780321324,0.121,0.02721795871374652,0.9998
480.0,0.6035,0.0757842861330194,686.0000000000755,156.28385341906423,89.51866770421125,0.1372,0.03125677068380941,0.9998
482.0,0.6152,0.06322982379608497,679.5000000000748,193.00505030815296,88.60646864777385,0.1359,0.038601010061626334,0.9998
484.0,0.6196,0.07004697013212889,729.0000000000803,131.51988395884106,87.70356493877519,0.14579999999999999,0.02630397679176532,0.9998
486.0,0.636,0.06875158359567858,630.5000000000693,155.25772440577515,86.80986185722693,0.1261,0.03105154488115161,0.9998
488.0,0.6433,0.06471709374054294,676.0000000000746,182.14980929086548,85.92526564834142,0.13520000000000001,0.03642996185816909,0.9998
490.0,0.6554,0.07482783201753505,633.5000000000698,142.88158461546655,85.04968351269639,0.1267,0.028576316923090157,0.9998
492.0,0.6730999999999999,0.077503841402209,602.0000000000663,131.5946089743608,84.18302359649958,0.12040000000000001,0.026318921794869266,0.9998
494.0,0.7062999999999999,0.08317431494558078,608.5000000000671,155.4264845474244,83.32519498195278,0.1217,0.031085296909481454,0.9998
496.0,0.7230000000000001,0.0836527537495123,452.3500000000498,137.8465977315981,82.47610767771418,0.09047,0.027569319546316584,0.9998
498.0,0.7253,0.07911827994984612,625.5000000000688,159.45619217273386,81.63567260945743,0.1251,0.03189123843454326,0.9998
500.0,0.7593,0.08698246027252692,520.0000000000573,148.67098731474366,80.80380161052749,0.104,0.029734197462945457,0.9998
502.0,0.8154,0.09366508895468412,491.9500000000542,170.70202614029358,79.9804074126912,0.09839,0.034140405228054956,0.9998
504.0,0.8101,0.09403274186797848,491.65000000005415,162.1627697373681,79.1654036369826,0.09833,0.03243255394747006,0.9998
506.0,0.8811,0.10688594937053002,410.6000000000452,113.0155998191044,78.35870478464093,0.08212,0.022603119963818388,0.9998
508.0,0.863,0.09804772080755143,585.0000000000645,180.84852027030198,77.56022622814154,0.117,0.03616970405405641,0.9998
510.0,0.9237,0.10918185644958499,558.0000000000615,148.9841169345589,76.76988420231783,0.1116,0.0297968233869085,0.9998
512.0,0.9538000000000001,0.11442538028916921,453.50000000004997,130.04122233421432,75.98759579557394,0.0907,0.026008244466840007,0.9998
514.0,1.006,0.12198079083746478,393.95000000004336,111.59481519219663,75.2132789411866,0.07879,0.022318963038436865,0.9998
516.0,1.0365,0.10966339407477772,418.4250000000461,111.75046630217143,74.446852408696,0.083685,0.022350093260431823,0.9998
518.0,1.057,0.08496935341879547,399.500000000044,149.41020202580768,73.68823579538426,0.0799,0.02988204040515825,0.9998
520.0,1.119,0.1389664743297977,358.55000000003946,83.56162655250496,72.93734951784056,0.07171,0.016712325310499154,0.9998
522.0,1.1260000000000001,0.134951900896414,363.50000000004,173.82079373118736,72.19411480361245,0.0727,0.03476415874623365,0.9998
524.0,1.1749999999999998,0.1446275250000992,409.1000000000451,126.83802322571103,71.45845368294216,0.08182,0.025367604645139413,0.9998
526.0,1.226,0.13113151735471532,384.4250000000423,142.51494675999592,70.73028898058712,0.076885,0.028502989351996046,0.9998
528.0,1.2855,0.15818083352211168,235.37500000002592,154.16001626386483,70.00954430772374,0.047075,0.030832003252769576,0.9998
530.0,1.326,0.16318512462218845,397.2000000000437,136.48770932183774,69.29614405393384,0.07944,0.027297541864364543,0.9998
532.0,1.38,0.1552208104604534,285.7500000000315,101.85130399264553,68.59001337927258,0.05715,0.02037026079852686,0.9998
534.0,1.4515,0.050201469102009344,351.2000000000387,166.9759312498545,67.89107820641748,0.07024,0.03339518624996722,0.9998
536.0,1.5379999999999998,0.17372455848906973,246.55000000002713,118.9863233513406,67.19926521289703,0.04930999999999999,0.023797264670265498,0.9998
538.0,1.6320000000000001,0.1875226652967582,255.85000000002816,91.94206990682699,66.51450182339887,0.05117,0.018388413981363372,0.9998
540.0,1.704,0.17787947991547545,285.9750000000315,164.14375614914684,65.83671620215627,0.057194999999999996,0.03282875122982576,0.9998
542.0,1.5765,0.2415538242297149,118.43525000001306,118.48161215316958,65.16583724541194,0.02368705,0.023696322430631304,0.9998
544.0,1.9100000000000001,0.0501663898109748,207.15000000002283,150.71271614523405,64.50179457395892,0.04143,0.03014254322904349,0.9998
546.0,1.939,0.2227807217871421,178.0500000000196,145.36057055060144,63.84451852575742,0.03561,0.02907211411011708,0.9998
548.0,1.978,0.012172099243762396,283.3000000000312,133.00435105666241,63.193940148626844,0.05666,0.02660087021132956,0.9998
550.0,1.752,0.256,0.12642500000001392,0.042025000000004614,62.549991193012225,2.5285e-05,8.404999999999998e-06,0.9998
552.0,2.0655,0.06050000000000022,99.0261500000109,98.9738500000109,61.912604104824446,0.019805229999999997,0.01979477,0.9998
554.0,1.535,0.0,0.04144500000000456,0.0,61.28171201835356,8.289e-06,0.0,0.9998
556.0,2.111,0.026981475126464153,11.455000000001261,23.843648674801166,60.657248749253974,0.002291,0.004768729734959708,0.9998
558.0,2.0415,0.2673308915100452,0.3036500000000335,0.40161273298004657,60.03914878760144,6.073e-05,8.032254659600047e-05,0.9998
560.0,1.7425,0.25505647522765534,0.8477500000000933,92.38280560952131,59.427347291020624,0.00016955,0.018476561121902227,0.9998
562.0,1.974,0.24161861591267242,136.400000000015,117.38485100748605,58.82178007788283,0.02728,0.023476970201494626,0.9998
564.0,2.0060000000000002,0.0,0.16480000000001813,0.0,58.22238362057285,3.2959999999999996e-05,0.0,0.9998
566.0,1.951,0.21007808072238285,0.663500000000073,37.85094184336654,57.62909503882461,0.0001327,0.007570188368672473,0.9998
568.0,1.6119999999999999,0.2350000000000001,0.40547750000004473,0.4015225000000443,57.04185209312461,8.109550000000002e-05,8.030450000000002e-05,0.9998
570.0,1.329,0.0,0.5095000000000561,0.0,56.460593178182755,0.00010190000000000001,0.0,0.9998
572.0,1.71,0.2011546357904783,0.834675000000092,80.15023950882907,55.88525731646939,0.000166935,0.01603004790176405,0.9998
574.0,1.66,0.19168920157379757,98.95050000001089,100.86851795407841,55.31578415181851,0.019790099999999998,0.020173703590813462,0.9998
576.0,1.585,0.18827838431429136,102.04200000001124,112.15238606000314,54.75211394309611,0.0204084,0.02243047721199816,0.9998
578.0,1.156,0.1956396914966105,0.9875000000001086,83.87901918742119,54.19418755793281,0.00019749999999999998,0.016775803837482388,0.9998
580.0,1.46,0.024993332444207303,267.20000000002943,33.37644711802722,53.641946466520615,0.05344,0.00667528942360471,0.9998
582.0,1.4204999999999999,0.023370654676324265,152.20000000001676,39.127316225373015,53.09533273547281,0.03044,0.007825463245073739,0.9998
584.0,1.3685,0.13454295059777585,135.10000000001486,99.08615062315552,52.55428902174638,0.027020000000000002,0.01981723012462892,0.9998
586.0,0.9814,0.16420672607688414,0.8245000000000908,86.99108361458482,52.01875856662634,0.0001649,0.017398216722915052,0.9998
588.0,1.21,0.11224588584393147,238.02500000002624,84.14665768764414,51.488685189771424,0.047605,0.016829331537526974,0.9998
590.0,1.138,0.12893431803576166,109.80000000001209,95.20337438750427,50.96401328332053,0.02196,0.019040674877498758,0.9998
592.0,1.031,0.11800583174797172,189.5000000000209,99.85112209461252,50.44468780605897,0.0379,0.019970224418920303,0.9998
594.0,0.9608,0.11281193199302988,112.00000000001232,143.43371102103623,49.93065427764441,0.022399999999999996,0.02868674220420409,0.9998
596.0,0.8534999999999999,0.06883055206780768,249.8500000000275,100.36775410615068,49.421858772891504,0.04997,0.02007355082122793,0.9998
598.0,0.74495,0.0723315759195111,255.60000000002813,126.81765140578348,48.918247916114936,0.05112,0.0253635302811539,0.9998
600.0,0.6834,0.012391585406592999,299.4250000000329,65.85088848215979,48.41976887552984,0.059884999999999994,0.013170177696430507,0.9998
602.0,0.6005,0.047171402613127765,276.60000000003043,100.88195835284068,47.92636935770951,0.055319999999999994,0.020176391670565914,0.9998
604.0,0.5414,0.006816646291738078,248.20000000002733,38.2458385535863,47.43799760209949,0.049640000000000004,0.007649167710716421,0.9998
606.0,0.49050000000000005,0.037816954409580966,273.8000000000302,86.45930858396898,46.95460237558766,0.05476,0.017291861716791892,0.9998
608.0,0.4555,0.03716122811479729,279.60000000003083,112.50612444330226,46.4761329671294,0.05592,0.02250122488865797,0.9998
610.0,0.42095000000000005,0.03843829470723176,213.12500000002348,91.89379761355625,46.00253918242786,0.042624999999999996,0.018378759522709225,0.9998
612.0,0.39454999999999996,0.03166021754505171,282.17500000003105,131.33976440986245,45.53377133866827,0.056435,0.0262679528819696,0.9998
614.0,0.371,0.027797885692613235,275.3500000000303,83.44206899132207,45.069780259305766,0.055069999999999994,0.016688413798262577,0.9998
616.0,0.3579,0.029332386348350333,238.9500000000263,132.29940030773307,44.610517268906655,0.04779,0.026459880061543695,0.9998
618.0,0.34240000000000004,0.029475371074848232,213.65000000002357,106.67898493234274,44.15593418804196,0.042730000000000004,0.021335796986466198,0.9998
620.0,0.3304,0.021293881163376487,288.82500000003176,108.26457928490257,43.7059833282332,0.057765,0.021652915856978133,0.9998
622.0,0.32230000000000003,0.02100278893045262,253.55000000002792,96.6331208857117,43.260617486949485,0.05071,0.019326624177140206,0.9998
624.0,0.3156,0.024282487180547825,188.9000000000208,94.45728926264,42.819789942655724,0.03778,0.018891457852525922,0.9998
626.0,0.307,0.01718428327969295,234.4500000000258,99.89846880945298,42.383454449911326,0.046889999999999994,0.019979693761888396,0.9998
628.0,0.30325,0.00904132487833258,237.7500000000262,46.49823846723692,41.95156523451868,0.04755,0.00929964769344636,0.9998
630.0,0.2886,0.019341622665819395,257.50000000002836,82.19797964149937,41.524076988721205,0.051500000000000004,0.016439595928298065,0.9998
632.0,0.27695000000000003,0.020545494487843326,279.72500000003083,128.19870208873107,41.1009448664503,0.055944999999999995,0.025639740417743393,0.9998
634.0,0.2878,0.018519928593329973,278.95000000003074,116.04655284075349,40.68212447862075,0.05579,0.023209310568148143,0.9998
636.0,0.2853,0.006535990106071669,269.27500000002965,21.179210521958364,40.267571888473995,0.05385499999999999,0.004235842104391207,0.9998
638.0,0.283,0.016397635469164198,193.85000000002134,77.00444466486621,39.857243606968936,0.03877,0.015400888932971545,0.9998
640.0,0.27155,0.01875876045345214,202.22500000002225,103.3826479909836,39.451096588219634,0.040444999999999995,0.020676529598194444,0.9998
642.0,0.269,0.011708482883301808,238.60000000002628,90.77368469154679,39.04908822497964,0.04772,0.018154736938307357,0.9998
644.0,0.26870000000000005,0.00809993141260399,165.52500000001822,54.897129175097405,38.65117634417211,0.033105,0.010979425835018269,0.9998
646.0,0.276,0.014664019550851509,196.20000000002162,73.44188489592842,38.25731920246564,0.039240000000000004,0.014688376979184067,0.9998
648.0,0.2553,0.018695972159799543,221.22500000002435,103.1557627862275,37.86747548189525,0.044245,0.02063115255724323,0.9998
650.0,0.2608,0.018453372016396085,174.4500000000192,64.88621176450883,37.48160428552772,0.03489,0.012977242352900336,0.9998
652.0,0.2505,0.013359258808720157,193.00000000002126,92.0230799231905,37.09966513317134,0.0386,0.01840461598463607,0.9998
654.0,0.25045,0.020148600292576153,192.4500000000212,99.84697159334667,36.72161795712929,0.038489999999999996,0.019969394318667136,0.9998
656.0,0.26105,0.020140502569449454,158.1750000000174,82.69160449612478,36.34742309799632,0.031634999999999996,0.016538320899223132,0.9998
658.0,0.2643,0.006681753761800383,141.6750000000156,54.34841585786407,35.977041300498186,0.028335,0.010869683171571618,0.9998
660.0,0.259,0.012636616700393065,174.4500000000192,64.11162498703294,35.610433709373574,0.03489,0.012822324997405175,0.9998
662.0,0.26505,0.007699224347657075,224.60000000002475,45.06444151311914,35.247561865297975,0.04492,0.009012888302622837,0.9998
664.0,0.24070000000000003,0.0180162341058842,189.40000000002087,106.18442321373854,34.888387700849016,0.037880000000000004,0.02123688464274537,0.9998
666.0,0.2454,0.01893267265205841,148.45000000001633,74.23628903683449,34.532873536512994,0.029689999999999998,0.014847257807365262,0.9998
668.0,0.2406,0.022346336734062226,149.10000000001642,83.95179775003733,34.18098207673204,0.02982,0.01679035955000562,0.9998
670.0,0.23290000000000002,0.018547383429981856,187.2500000000206,92.71098631259801,33.83267640599168,0.03745,0.018542197262517556,0.9998
672.0,0.24045,0.003272316542688913,159.32500000001755,36.85941761160865,33.48791998494805,0.031865000000000004,0.0073718835223209175,0.9998
674.0,0.2339,0.013231641112523127,185.10000000002037,70.1008787898733,33.14667664659479,0.03702,0.01402017575797312,0.9998
676.0,0.2222,0.013007471736953893,188.9000000000208,92.13379307721644,32.80891059246887,0.03778,0.01842675861544126,0.9998
678.0,0.22360000000000002,0.01743615514305948,141.10000000001554,82.42601400257509,32.47458638889517,0.02822,0.016485202800513202,0.9998
680.0,0.22175,0.016494123006392313,130.30000000001434,76.8444090032279,32.143668963269185,0.02606,0.015368881800643889,0.9998
682.0,0.2258,0.012660222134299064,153.90000000001695,62.14937395904777,31.816123600377768,0.030780000000000002,0.012429874791808185,0.9998
684.0,0.2127,0.008826239289754165,175.02500000001928,36.39252155320227,31.491915938757316,0.035005,0.007278504310639654,0.9998
686.0,0.218,0.016604019675601305,170.90000000001882,66.05586527930537,31.17101196708897,0.03418,0.013211173055859617,0.9998
688.0,0.216,0.006118460227504594,125.67500000001382,30.44190733548781,30.853378020630668,0.025134999999999998,0.006088381467096891,0.9998
690.0,0.20595000000000002,0.016563178707267798,136.47500000001503,57.5458445404206,30.538980777685513,0.027295,0.011509168908082854,0.9998
692.0,0.20695000000000002,0.004523273151159444,186.90000000002058,33.24576936327086,30.22778725610617,0.03738,0.006649153872653438,0.9998
694.0,0.1986,0.012822397496218116,144.70000000001593,73.55743019930561,29.91976480983473,0.02894,0.014711486039859506,0.9998
696.0,0.20425,0.01280058592408957,142.72500000001574,77.8677031008101,29.61488112547805,0.028545,0.015573540620160304,0.9998
698.0,0.19879999999999998,0.01389560200574414,110.35000000001217,49.918170168044576,29.31310421891785,0.022070000000000003,0.009983634033607814,0.9998
700.0,0.19390000000000002,0.015465524529727142,116.60000000001284,70.43185477276204,29.01440243195537,0.02332,0.014086370954550854,0.9998
702.0,0.1995,0.003123255068389748,159.7250000000176,27.471904840322264,28.718744428990256,0.031945,0.005494380968063846,0.9998
704.0,0.20224999999999999,0.004526956299030655,132.32500000001457,28.879317858983168,28.426099193733243,0.026465,0.005775863571795997,0.9998
706.0,0.19565,0.013688584431927216,170.92500000001883,81.6112260142381,28.13643602595243,0.034185,0.016322245202845823,0.9998
708.0,0.19029999999999997,0.013379927091714358,79.35000000000875,62.05354404718409,27.849724538252556,0.015870000000000002,0.012410708809435452,0.9998
710.0,0.1975,0.013171986353234504,175.4000000000193,64.98629380064567,27.565934652887215,0.03508,0.0129972587601277,0.9998
712.0,0.192,0.003724878819803705,149.50000000001648,25.257750460669968,27.285036598603536,0.029900000000000003,0.0050515500921334364,0.9998
714.0,0.18180000000000002,0.01209609483279961,162.45000000001792,64.43289341015861,27.007000907519014,0.032490000000000005,0.012886578682030303,0.9998
716.0,0.1847,0.009986483052105982,144.07500000001585,71.5140970001411,26.731798412030084,0.028815,0.014302819400026645,0.9998
718.0,0.19269999999999998,0.013071451990611339,106.30000000001169,61.092534028314965,26.459400241752327,0.021259999999999998,0.012218506805661647,0.9998
720.0,0.1847,0.007529037123032404,97.40000000001073,27.160972000283103,26.189777820491795,0.01948,0.005432194400056022,0.9998
722.0,0.1873,0.010626117588282179,145.30000000001598,75.61843250165593,25.92290286324716,0.02906,0.01512368650032952,0.9998
724.0,0.17835,0.006219592698347159,97.00000000001069,48.95886627370045,25.658747373242473,0.0194,0.009791773254739013,0.9998
726.0,0.1753,0.016487151750363256,82.30000000000906,62.577609177677715,25.397283638990118,0.01646,0.012515521835534164,0.9998
728.0,0.1849,0.007343023900274327,187.70000000002065,67.22384354563411,25.138484231383764,0.03754,0.013444768709125343,0.9998
730.0,0.18409999999999999,0.01141148723069551,84.65000000000933,62.06424469585409,24.882322000820803,0.01693,0.012412848939169451,0.9998
732.0,0.1915,0.012921566275030286,95.25000000001049,54.99617499409097,24.628770074354257,0.01905,0.010999234998816982,0.9998
734.0,0.1872,0.010856954885590854,141.9000000000156,55.88229234466592,24.377801852873645,0.02838,0.011176458468931953,0.9998
736.0,0.1901,0.009837516693448484,157.0500000000173,69.71602647812203,24.129391008314535,0.03141,0.013943205295622872,0.9998
738.0,0.19445,0.012134017265522575,126.75000000001396,72.24398644596776,23.883511480896612,0.025349999999999998,0.014448797289191958,0.9998
740.0,0.19849999999999998,0.008379671168303019,109.47500000001205,35.26615075237391,23.640137476389818,0.021894999999999998,0.007053230150474005,0.9998
742.0,0.19755,0.010544456152668833,184.4250000000203,60.091015025595546,23.399243463408443,0.036885,0.012018203005117788,0.9998
744.0,0.195,0.00997995951077632,162.45000000001792,59.61655642860579,23.16080417073266,0.032490000000000005,0.011923311285719844,0.9998
746.0,0.1968,0.014113464370706786,132.70000000001463,82.49760180234641,22.924794584657466,0.02654,0.016499520360467465,0.9998
748.0,0.2054,0.011284936682071697,159.8000000000176,58.21166436141517,22.69118994636856,0.03196,0.011642332872281752,0.9998
750.0,0.19990000000000002,0.019329891136734965,103.80000000001144,68.4727273563031,22.459965749345066,0.02076,0.013694545471259109,0.9998
752.0,0.20584999999999998,0.014970795644260935,117.62500000001296,48.00537993613849,22.23109773678856,0.023524999999999997,0.00960107598722664,0.9998
754.0,0.21144999999999997,0.014218468403804965,123.87500000001364,65.54670644106344,22.00456189907844,0.024775,0.013109341288211241,0.9998
756.0,0.2066,0.012751214427957635,90.35000000000994,50.11654529631501,21.780334471253198,0.01807,0.010023309059261899,0.9998
758.0,0.20635,0.007984098780284056,175.20000000001932,39.52166863464916,21.558391930517264,0.03504,0.007904333726928961,0.9998
760.0,0.1981,0.01200879235185621,174.70000000001923,78.22155424146966,21.33871099377338,0.03494,0.01564431084829221,0.9998
762.0,0.2051,0.012581035290451724,155.3500000000171,67.9032402287893,21.12126861518003,0.03107,0.013580648045756363,0.9998
764.0,0.20049999999999998,0.0099474332654926,144.05000000001587,66.11577685958066,20.90604198373384,0.02881,0.013223155371914676,0.9998
766.0,0.2004,0.0064222054017465235,151.55000000001667,44.826889251881425,20.693008520876507,0.03031,0.008965377850375296,0.9998
768.0,0.1986,0.010004053865808602,118.50000000001307,68.1653763956964,20.482145878126218,0.023700000000000002,0.01363307527913778,0.9998
770.0,0.2016,0.014479626785132786,63.65000000000701,52.20084527540354,20.273431934733136,0.01273,0.01044016905507956,0.9998
772.0,0.19649999999999998,0.013767437806287705,107.25000000001181,61.279835305773,20.066844795358833,0.021449999999999997,0.012255967061153252,0.9998
774.0,0.18395,0.004814820868942051,156.1000000000172,18.40950275446735,19.8623627877793,0.03122,0.0036819005508930665,0.9998
776.0,0.18630000000000002,0.012420588569313586,157.75000000001734,70.66813112540494,19.65996446061141,0.031549999999999995,0.01413362622507943,0.9998
778.0,0.1885,0.009997304324166586,111.6250000000123,57.517969624712094,19.459628581062578,0.022325,0.011503593924941153,0.9998
780.0,0.19290000000000002,0.013033802208104888,83.65000000000923,51.92996464168116,19.261334132703258,0.016730000000000002,0.010385992928335086,0.9998
782.0,0.179,0.010092769689237939,88.60000000000976,48.71870656747392,19.065060313262233,0.01772,0.00974374131349371,0.9998
784.0,0.1686,0.013890666371520775,106.65000000001174,68.16227239551893,18.870786532444313,0.02133,0.013632454479102283,0.9998
786.0,0.17409999999999998,0.011654639086857136,121.20000000001333,62.359599667618554,18.678492409770303,0.024239999999999998,0.012471919933522337,0.9998
788.0,0.1769,0.01674520453741906,82.32500000000906,51.57017994801235,18.488157772438946,0.016465,0.010314035989601336,0.9998
790.0,0.17820000000000003,0.0064801406020411475,111.6000000000123,36.41727554792678,18.299762653210745,0.02232,0.007283455109584553,0.9998
792.0,0.18269999999999997,0.012226019612104165,99.45000000001096,55.19402670922639,18.11328728831317,0.01989,0.011038805341844064,0.9998
794.0,0.1789,0.008645936746369482,104.25000000001148,36.9315404573903,17.928712115367407,0.02085,0.007386308091477246,0.9998
796.0,0.1689,0.009491779472312896,127.55000000001404,59.48482894047451,17.746017771336117,0.025509999999999998,0.011896965788093591,0.9998
798.0,0.1769,0.01876452770522083,82.02500000000904,55.152494010878165,17.565185090492133,0.016405,0.011030498802174419,0.9998
800.0,0.17600000000000002,0.011541088973484158,60.750000000006686,41.84952182204209,17.386195102407875,0.01215,0.008369904364407496,0.9998
802.0,0.17085,0.01631039205196763,50.90500000000561,46.73353112029611,17.20902902996522,0.010180999999999999,0.009346706224058194,0.9998
804.0,0.1724,0.011485003531668984,68.40000000000754,57.485260896088306,17.033668287385712,0.013680000000000001,0.011497052179216396,0.9998
806.0,0.17770000000000002,0.0025796123739817898,101.30000000001115,18.21311615292872,16.860094478280754,0.02026,0.0036426232305853427,0.9998
808.0,0.17520000000000002,0.012586564265120172,33.320000000003674,46.02361422812606,16.688289393721732,0.006664000000000001,0.009204722845624198,0.9998
810.0,0.16835,0.011525291482214232,72.54000000000799,53.85475902867684,16.518235010329793,0.014508,0.01077095180573418,0.9998
812.0,0.17754999999999999,0.01723060050462548,0.5177250000000571,29.394059771417133,16.3499134883851,0.000103545,0.00587881195428278,0.9998
814.0,0.172,0.01303480317266049,74.07500000000815,49.87248150637242,16.18330716995531,0.014815,0.009974496301273384,0.9998
816.0,0.16879999999999998,0.01386466331682414,42.54500000000469,52.379838599337226,16.018398577043165,0.008509,0.010475967719866293,0.9998
818.0,0.17520000000000002,0.015811698071945567,65.05000000000717,34.414298989345696,15.855170409752983,0.01301,0.0068828597978683815,0.9998
820.0,0.17670000000000002,0.017976651523573573,50.400000000005555,39.84917158516203,15.69360554447572,0.01008,0.00796983431703153,0.9998
822.0,0.17659999999999998,0.015065404076890877,30.665000000003374,33.066913520250424,15.53368703209265,0.0061329999999999996,0.006613382704049357,0.9998
824.0,0.17485,0.013382949351071063,51.59500000000568,38.72522544049736,15.375398096197303,0.010319,0.00774504508809862,0.9998
826.0,0.17915,0.018886275145959534,41.80000000000461,51.82459298670353,15.218722131335497,0.00836,0.010364918597339564,0.9998
828.0,0.1815,0.01694675936753763,0.0781000000000086,41.76418827534385,15.063642701263346,1.562e-05,0.00835283765506785,0.9998
830.0,0.1873,0.013955701343895259,30.025000000003306,30.103800441375896,14.910143537222979,0.006005,0.006020760088274515,0.9998
832.0,0.1875,0.0170822246794731,0.11430000000001257,31.28367496132724,14.758208536235902,2.2859999999999998e-05,0.006256734992264758,0.9998
834.0,0.17975000000000002,0.015449451626370294,0.3383250000000373,9.035599909949982,14.607821759413623,6.766500000000001e-05,0.0018071199819897977,0.9998
836.0,0.1943,0.019302504155333487,53.550000000005895,25.793842711534253,14.458967430285618,0.010709999999999999,0.005158768542306282,0.9998
838.0,0.19669999999999999,0.0,52.50000000000578,0.0,14.31162993314428,0.010499999999999999,0.0,0.9998
840.0,0.20525,0.01446613862323552,34.75000000000382,34.79140326491493,14.165793811406719,0.00695,0.0069582806529822185,0.9998
842.0,0.19305,0.0069162851300391,34.4326500000038,37.81033295960927,14.021443765993295,0.006886530000000001,0.007562066591921021,0.9998
844.0,0.1945,0.016522577146303653,0.4803500000000529,26.345841877663027,13.87856465372263,9.607e-05,0.005269168375532026,0.9998
846.0,0.18485,0.014930338241312563,0.23262500000002562,20.85623482246722,13.737141485723049,4.6525000000000006e-05,0.004171246964492985,0.9998
848.0,0.19055,0.014225681003031098,45.67250000000503,44.42202200229939,13.597159425860083,0.0091345,0.008884404400458899,0.9998
850.0,0.1845,0.019599999999999992,0.12407875000001367,0.12122125000001335,13.458603789180124,2.481575e-05,2.424425e-05,0.9998
852.0,0.1959,0.0,0.000934500000000103,0.0,13.32146004036987,1.869e-07,0.0,0.9998
854.0,0.1941,0.012504495191730048,0.46580000000005134,25.024262066590516,13.185713792231478,9.316000000000001e-05,0.005004852413317552,0.9998
856.0,0.2111,0.01954806043234641,0.10310000000001135,15.877458544236369,13.051350804173275,2.062e-05,0.003175491708846924,0.9998
858.0,0.19449999999999998,0.01787565072630613,0.16382500000001804,0.170437324023071,12.918356980715819,3.2765e-05,3.4087464804610444e-05,0.9998
860.0,0.17864999999999998,0.018296089062966432,0.3555000000000391,35.55579862808204,12.786718370013201,7.11e-05,0.007111159725615625,0.9998
862.0,0.1986,0.022693311790040683,0.023700000000002608,8.928312761158042,12.656421162389455,4.7399999999999995e-06,0.0017856625522314118,0.9998
864.0,0.18409999999999999,0.016331020244376108,0.01489500000000164,0.014317856178758075,12.52745168888976,2.9789999999999998e-06,2.8635712357512995e-06,0.9998
866.0,0.1855,0.019900000000000015,1.4091090000001552,1.406891000000155,12.399796419846554,0.0002818218,0.0002813782,0.9998
868.0,0.20740000000000003,0.020664354709391618,0.0517500000000057,0.1544799694854562,12.273441963460158,1.0350000000000001e-05,3.089599389708784e-05,0.9998
870.0,0.2025,0.02008167323705871,0.024825000000002737,18.467682078564735,12.148375064393909,4.965000000000001e-06,0.00369353641571254,0.9998
872.0,0.2033,0.014575129501997562,0.1581000000000174,0.06558528298331073,12.02458260238359,3.162e-05,1.31170565966607e-05,0.9998
874.0,0.21250000000000002,0.017499523803044863,18.590000000002046,13.624774656284938,11.90205159086103,0.003718,0.0027249549312566876,0.9998
876.0,0.2119,0.0,0.018060000000001988,0.0,11.780769175591772,3.612e-06,0.0,0.9998
878.0,0.21635,0.01828529121999429,0.03376000000000372,0.05416367525554508,11.66072263332653,6.751999999999999e-06,1.0832735051107823e-05,0.9998
880.0,0.2046,0.018799999999999997,0.3102000000000342,0.299300000000033,11.541899370466483,6.204000000000001e-05,5.986e-05,0.9998
882.0,0.1835,0.015575200640762217,0.15865000000001747,19.729945337949403,11.424286921742118,3.1729999999999996e-05,0.003945989067589446,0.9998
884.0,0.1753,0.016966142755499854,0.13135000000001446,0.08297760129811549,11.307872948905555,2.6269999999999998e-05,1.6595520259621272e-05,0.9998
886.0,0.2195,0.01603281074572276,0.05020000000000553,12.447670742146757,11.192645239436185,1.004e-05,0.0024895341484290775,0.9998
888.0,0.2113,0.01759772712596714,0.15135000000001667,0.03026023242916135,11.078591705259505,3.027e-05,6.052046485831603e-06,0.9998
890.0,0.1864,0.0222896587880768,0.010180000000001122,0.005688562706026939,10.965700381479028,2.036e-06,1.1377125412052623e-06,0.9998
892.0,0.2154,0.02236818176686597,0.01535500000000169,0.039118859546548125,10.853959425121051,3.071e-06,7.823771909308765e-06,0.9998
894.0,0.219,0.013335576477977985,0.2668000000000294,10.901479571931977,10.743357113892287,5.3360000000000004e-05,0.002180295914386155,0.9998
896.0,0.2187,0.018349495905882533,0.006215000000000684,0.06752674187343116,10.633881844950125,1.243e-06,1.3505348374684747e-05,0.9998
898.0,0.2101,0.017819909277733904,0.051932500000005724,0.05031195172269101,10.525522133685408,1.0386500000000001e-05,1.0062390344537094e-05,0.9998
900.0,0.23970000000000002,0.026943273743181256,0.13035000000001437,0.11030007111915917,10.418266612517646,2.6070000000000003e-05,2.2060014223829402e-05,0.9998
902.0,0.2249,0.017473898902567304,0.009050000000000996,0.07652846296727736,10.312104029702468,1.81e-06,1.5305692593453786e-05,0.9998
904.0,0.1958,0.0,0.0012415000000001368,0.0,10.207023248151286,2.483e-07,0.0,0.9998
906.0,0.2269,0.017336576219080864,0.025062500000002756,0.03534514229950348,10.103013244262899,5.0125e-06,7.069028459899917e-06,0.9998
908.0,0.23365,0.017528397594253228,0.18357500000002022,0.10695272336671972,10.000063106767078,3.6715e-05,2.1390544673341586e-05,0.9998
910.0,0.22519999999999998,0.0,0.005560000000000613,0.0,9.898162035579906,1.1120000000000001e-06,0.0,0.9998
912.0,0.20715,0.02069257113072226,0.02043250000000225,0.09080788600418299,9.797299340670788,4.0865e-06,1.8161577200834594e-05,0.9998
914.0,0.22310000000000002,0.0213,0.1479250000000163,0.03697500000000408,9.697464440940994,2.9585000000000002e-05,7.395000000000001e-06,0.9998
916.0,0.25229999999999997,0.0027824849006279012,0.17755000000001955,0.032908720559893044,9.598646863113634,3.551e-05,6.581744111977884e-06,0.9998
918.0,0.241,0.007931355495752287,0.0735500000000081,9.236009812364069,9.500836240634985,1.471e-05,0.0018472019624726102,0.9998
920.0,0.2488,0.015896619137414098,0.2351500000000259,0.09673593890071083,9.404022312586926,4.703e-05,1.934718778014004e-05,0.9998
922.0,0.21575,0.0020499999999999963,0.014947500000001647,0.0022625000000002504,9.30819492261054,2.9895e-06,4.525000000000001e-07,0.9998
924.0,0.2552,0.004613265895460845,0.016395000000001807,0.13165001204795249,9.213344017840635,3.2790000000000003e-06,2.6330002409587602e-05,0.9998
926.0,0.2445,0.01981792118260642,0.19657500000002165,0.10795215626425571,9.119459647851155,3.9315e-05,2.1590431252848765e-05,0.9998
928.0,0.24955,0.013849999999999973,0.199675000000022,0.09202500000001015,9.026531963611307,3.9935e-05,1.8405e-05,0.9998
930.0,0.2782,0.018739327629346787,0.1562500000000172,0.07227352118169661,8.934551216452343,3.125e-05,1.4454704236337732e-05,0.9998
932.0,0.29075,0.0024500000000000077,0.2832000000000312,0.06795000000000749,8.84350775704486,5.6640000000000007e-05,1.3590000000000004e-05,0.9998
934.0,0.3001,0.013773801218254897,0.017550000000001936,0.02468604415454477,8.753392034386561,3.5100000000000003e-06,4.937208830908411e-06,0.9998
936.0,0.31210000000000004,0.014987845415672054,0.14100000000001553,0.12853848624160602,8.664194594800241,2.82e-05,2.570769724831837e-05,0.9998
938.0,0.3164,0.021657074799909814,0.034145000000003756,0.0743706525915304,8.575906080942085,6.828999999999999e-06,1.4874130518304442e-05,0.9998
940.0,0.3349,0.012803187103217687,0.0372300000000041,0.08931342275381543,8.48851723082001,7.446e-06,1.786268455076112e-05,0.9998
942.0,0.3466,0.01919832168590669,0.1482500000000163,0.07667920549638509,8.402018876822027,2.965e-05,1.5335841099275326e-05,0.9998
944.0,0.35009999999999997,0.01766427656788318,0.052650000000005796,0.024379363313173016,8.316401944754507,1.0529999999999999e-05,4.875872662634066e-06,0.9998
946.0,0.35729999999999995,0.016138773187575308,0.12325000000001358,0.0581326454470069,8.231657452890236,2.4650000000000003e-05,1.16265290894001e-05,0.9998
948.0,0.40979999999999994,0.014099340016074815,0.18485000000002036,0.10228156569273791,8.147776511026205,3.697e-05,2.045631313854533e-05,0.9998
950.0,0.41009999999999996,0.005379367992617697,119.10000000001313,48.48999700759032,8.064750319550933,0.02382,0.009697999401516996,0.9998
952.0,0.446,0.008524873570191828,85.05000000000938,43.834974384755355,7.982570168521367,0.01701,0.008766994876950105,0.9998
954.0,0.46840000000000004,0.010238278358689014,68.54500000000755,67.78524859257755,7.901227436749142,0.013709,0.013557049718514017,0.9998
956.0,0.50495,0.008791789098673591,97.42500000001073,60.718104854274294,7.820713590896173,0.019485,0.012143620970853523,0.9998
958.0,0.5314,0.007923202815600688,100.65000000001109,49.294954486330674,7.741020184579458,0.020130000000000002,0.009858990897265048,0.9998
960.0,0.5534,0.010010239655432037,106.00000000001168,58.19527198409232,7.66213885748499,0.0212,0.011639054396817183,0.9998
962.0,0.5774,0.00661429428502307,0.032430000000003574,0.09648813833259991,7.584061334490739,6.486e-06,1.929762766651786e-05,0.9998
964.0,0.5759,0.017100000000000004,0.026187500000002882,0.01525250000000168,7.506779424798506,5.237499999999999e-06,3.0505e-06,0.9998
966.0,0.5956,0.010337194977362128,63.10000000000696,40.576016368197585,7.430285021074679,0.012620000000000001,0.008115203273638624,0.9998
968.0,0.6003000000000001,0.013338124139306693,1.0362500000001142,28.407060484176046,7.354570098599727,0.00020725000000000002,0.005681412096834583,0.9998
970.0,0.6049,0.009278050561525418,22.76702500000251,51.60467027730404,7.279626714426351,0.004553405,0.01032093405545967,0.9998
972.0,0.6011500000000001,0.009328049099356238,1.3392500000001473,27.58284339462971,7.205447006546228,0.00026785,0.005516568678925334,0.9998
974.0,0.5913999999999999,0.013111125047073591,0.21505000000002367,55.489420516410824,7.132023193065226,4.3009999999999996e-05,0.011097884103280943,0.9998
976.0,0.60375,0.008549999999999947,0.3385775000000373,0.3299225000000363,7.059347571387071,6.771549999999999e-05,6.598449999999999e-05,0.9998
978.0,0.622,0.0,0.09380000000001033,0.0,6.98741251740525,1.876e-05,0.0,0.9998
980.0,0.618,0.008396824796711336,1.9105000000002106,32.69817556789865,6.916210484703236,0.0003821,0.00653963511357901,0.9998
982.0,0.5861000000000001,0.007337020853180126,31.791675000003497,54.803613975093704,6.845734003762804,0.006358335,0.010960722795017535,0.9998
984.0,0.5738,0.011000363630353328,0.03469000000000382,8.019665450692328,6.775975681180437,6.938e-06,0.0016039330901382889,0.9998
986.0,0.5859000000000001,0.013029794916097329,0.24690000000002718,0.11270548887354608,6.706928198891726,4.938e-05,2.2541097774706734e-05,0.9998
988.0,0.593,0.00550000000000006,0.011112500000001224,0.0050225000000005526,6.638584313403635,2.2225e-06,1.0044999999999999e-06,0.9998
990.0,0.56975,0.00040233692348578447,39.61750000000436,25.871008082586904,6.570936855034658,0.0079235,0.005174201616516811,0.9998
992.0,0.5565,0.007889655674784972,62.55000000000689,49.50843301231042,6.503978727162627,0.01251,0.009901686602460994,0.9998
994.0,0.5576,0.0066419541970383885,0.40420000000004447,0.1713669793649673,6.437702905480267,8.083999999999999e-05,3.4273395872989685e-05,0.9998
996.0,0.54905,0.013528303663061375,0.3535000000000389,21.56434284896661,6.372102437258294,7.07e-05,0.0043128685697928475,0.9998
998.0,0.53005,0.014149999999999996,0.3537250000000389,0.05067500000000554,6.307170440616033,7.0745e-05,1.0134999999999997e-05,0.9998
1000.0,0.5214,0.0,0.5635000000000621,0.0,6.242900103799467,0.0001127,0.0,0.9998
1002.0,0.48939999999999995,0.004691007946652358,230.37500000002535,37.56252287853295,6.179284684466645,0.046075,0.007512504575705761,0.9998
1004.0,0.4834,0.0030574098681794004,167.05000000001837,64.44775987229688,6.116317508980365,0.033409999999999995,0.012889551974457956,0.9998
1006.0,0.4626,0.007680401775204957,223.00000000002456,85.03796391097357,6.053991971708087,0.0446,0.017007592782192844,0.9998
1008.0,0.46130000000000004,0.004945689410992167,173.6750000000191,97.31449501505342,5.992301534328934,0.034735,0.019462899003008544,0.9998
1010.0,0.44115000000000004,0.0059307988500707145,236.75000000002606,114.4679546811234,5.931239725147808,0.04735,0.022893590936222157,0.9998
1012.0,0.40995000000000004,0.00845308950752459,346.8250000000382,56.695411826910025,5.870800138416454,0.069365,0.011339082365380755,0.9998
1014.0,0.4335,0.007956984353384135,136.65000000001504,50.22183214499999,5.810976433661472,0.02733,0.010044366428998893,0.9998
1016.0,0.4052,0.005431211242030219,242.10000000002663,40.753186651139174,5.751762335019154,0.04842,0.008150637330226937,0.9998
1018.0,0.388,0.007884740693419733,254.35000000002805,97.55610921129718,5.693151630577109,0.050870000000000005,0.019511221842257287,0.9998
1020.0,0.3988,0.005679788728465169,113.77500000001254,57.23710141574317,5.635138171722613,0.022755,0.011447420283147373,0.9998
1022.0,0.37305,0.0069735997698462705,235.35000000002594,119.12065556374185,5.577715872497555,0.04707,0.02382413111274575,0.9998
1024.0,0.3727,0.005819039825417593,136.150000000015,73.12697716393413,5.520878708960001,0.02723,0.014625395432785218,0.9998
1026.0,0.36819999999999997,0.006616090466523606,108.30000000001192,45.17235212286911,5.4646207185522435,0.02166,0.009034470424572826,0.9998
1028.0,0.34755,0.010345960027415958,195.52500000002152,65.02819901141042,5.408935999475296,0.039105,0.013005639802280651,0.9998
1030.0,0.351,0.006608600456980269,71.10000000000782,34.95330421877549,5.353818710069752,0.01422,0.0069906608437543295,0.9998
1032.0,0.33085,0.0028640006983239492,159.45000000001755,23.387187850523546,5.299263068202964,0.03189,0.0046774375701041935,0.9998
1034.0,0.3256,0.008289998892198523,84.95000000000935,59.283452066368774,5.245263350662474,0.016989999999999998,0.01185669041327245,0.9998
1036.0,0.32135,0.009306012841168875,101.37500000001117,54.56033190137461,5.191813892555593,0.020275,0.01091206638027372,0.9998
1038.0,0.29000000000000004,0.007713976412899204,217.70000000002398,105.70654332855463,5.138909086715134,0.04354,0.021141308665708597,0.9998
1040.0,0.2947,0.007668550493194027,0.14470000000001593,42.55160496954595,5.086543383111184,2.894e-05,0.008510320993908253,0.9998
1042.0,0.295,0.005195602536211346,120.10000000001322,53.46858800730401,5.034711288268874,0.02402,0.010693717601459622,0.9998
1044.0,0.2786,0.005200807154829763,188.1500000000207,99.42967480345844,4.983407364692075,0.03763,0.019885934960689498,0.9998
1046.0,0.2995,0.013188631468048537,0.019195000000002113,0.09834941458901587,4.9326262302929775,3.839e-06,1.9669882917801012e-05,0.9998
1048.0,0.26555,0.004883532419149993,178.77500000001967,42.80931233064397,4.882362557827486,0.035754999999999995,0.00856186246612785,0.9998
1050.0,0.26055,0.0034913956736525825,186.50000000002052,80.86406199189416,4.832611074336338,0.0373,0.016172812398377052,0.9998
1052.0,0.27140000000000003,0.006930647700685712,68.25000000000752,45.46590099625399,4.783366560591959,0.013649999999999999,0.009093180199249797,0.9998
1054.0,0.25470000000000004,0.005785312761640457,121.45000000001339,71.39278908944742,4.734623850550922,0.024290000000000003,0.014278557817887911,0.9998
1056.0,0.2599,0.010714852101431709,93.65000000001032,66.0556780468052,4.686377830812009,0.01873,0.013211135609359584,0.9998
1058.0,0.2452,0.005420218208900711,106.15000000001169,69.69422184982444,4.638623440079775,0.02123,0.013938844369963354,0.9998
1060.0,0.24830000000000002,0.005622077472077461,102.90000000001133,60.415815831157566,4.591355668633595,0.02058,0.012083163166230183,0.9998
1062.0,0.2601,0.007791662210337412,0.8053250000000887,28.445099258307568,4.544569557802106,0.000161065,0.005689019851660888,0.9998
1064.0,0.22910000000000003,0.007302043806359968,198.25000000002183,90.19639141029586,4.49826019944303,0.039650000000000005,0.018039278282057182,0.9998
1066.0,0.2537,0.01101051265331859,30.550000000003365,24.394235240294204,4.452422735428261,0.006110000000000001,0.004878847048058304,0.9998
1068.0,0.24015,0.006064560073813184,139.9750000000154,42.36414233235403,4.407052357134226,0.027995,0.008472828466469873,0.9998
1070.0,0.22185,0.005701082682263085,233.12500000002566,102.73478891027314,4.362144304937432,0.046625,0.020546957782052365,0.9998
1072.0,0.2538,0.008062671186813147,29.615000000003263,31.968540072845276,4.317693867715158,0.005923,0.00639370801456835,0.9998
1074.0,0.2349,0.0030834647885196963,139.7000000000154,62.988461649289675,4.273696382351218,0.02794,0.01259769232985655,0.9998
1076.0,0.236,0.00503749208739947,133.90000000001473,56.98915095517739,4.230147233246783,0.026779999999999998,0.01139783019103422,0.9998
1078.0,0.2622,0.003512200956032501,0.05580000000000614,13.330085020998979,4.187041851836181,1.116e-05,0.0026660170041995024,0.9998
1080.0,0.23319999999999996,0.003111671576500316,190.27500000002095,85.37024294286054,4.144375716107608,0.038055000000000005,0.01707404858857023,0.9998
1082.0,0.25875,0.008891850201167357,21.615000000002382,20.985555405010658,4.102144350128758,0.004323,0.00419711108100167,0.9998
1084.0,0.256,0.008290343534399976,55.90000000000616,45.39643460040788,4.060343323577271,0.01118,0.009079286920080577,0.9998
1086.0,0.24895,0.005439209501388967,122.62500000001351,66.45496392441507,4.018968251275957,0.024525,0.01329099278488155,0.9998
1088.0,0.267,0.00470000000000001,32.90000006717862,32.899999932828614,3.9780147927327683,0.006580000013434999,0.0065799999865649985,0.9998
1090.0,0.2558,0.0043143474303769256,126.07500000001389,53.42090973329429,3.9374786516854585,0.025215,0.01068418194665768,0.9998
1092.0,0.27125,0.004504688915144106,67.37500000000742,19.95479594608995,3.8973555756508835,0.013475,0.00399095918921755,0.9998
1094.0,0.2826,0.010083055092579838,0.1443000000000159,14.15135958723755,3.8576413554788758,2.8859999999999998e-05,0.0028302719174471986,0.9998
1096.0,0.2669,0.004055243519198318,165.2500000000182,74.9489966002517,3.8183318249106923,0.033049999999999996,0.014989799320048687,0.9998
1098.0,0.29175,0.010379035359801031,10.493700000001155,23.11047464850439,3.779422860141944,0.00209874,0.004622094929700369,0.9998
1100.0,0.2884,0.007887925899753373,58.44500000000644,30.301483262169516,3.7409103793899847,0.011689,0.006060296652433236,0.9998
1102.0,0.28565,0.0051077283491674395,145.12500000001597,29.25922456632114,3.7027903424657094,0.029025,0.005851844913263584,0.9998
1104.0,0.3038,0.008133196720164172,44.27500000000487,28.211366640458902,3.6650587503497087,0.008855,0.005642273328091159,0.9998
1106.0,0.30505000000000004,0.0070329383775362565,72.550000000008,39.42419065979046,3.6277116447727633,0.01451,0.007884838131957223,0.9998
1108.0,0.32020000000000004,0.00531807060878285,23.477500000002586,27.683398742390153,3.590745107800576,0.0046955,0.005536679748477421,0.9998
1110.0,0.33,0.011176165114504455,0.12510000000001378,0.16784078250600604,3.5541552614227703,2.502e-05,3.3568156501197514e-05,0.9998
1112.0,0.32115,0.0077499820788323355,135.50000000001492,52.340811070070615,3.517938267146062,0.0271,0.010468162214012968,0.9998
1114.0,0.3427,0.012710782824043532,0.08745000000000963,0.08571941451037575,3.4820903255915803,1.749e-05,1.714388290207326e-05,0.9998
1116.0,0.3307,0.011601149368345656,0.4125500000000454,2.869344458775797,3.4466076760962836,8.251e-05,0.000573868891755096,0.9998
1118.0,0.35545,0.010248807518709447,0.1568000000000173,0.12598218574466588,3.4114865963184466,3.136e-05,2.51964371489304e-05,0.9998
1120.0,0.3724,0.0013735598518691127,0.0014830000000001632,0.06584296149467947,3.376723401847176,2.966e-07,1.3168592298934445e-05,0.9998
1122.0,0.35860000000000003,0.008042920578283203,94.15000000001037,59.590227574133145,3.3423144458158722,0.01883,0.011918045514825316,0.9998
1124.0,0.3809,0.013174723273501174,0.04555000000000502,0.14406352483127063,3.3082561185196657,9.11e-06,2.881270496625095e-05,0.9998
1126.0,0.4072,0.011118453129819792,0.051950000000005714,0.11339836470015564,3.274544847036735,1.0389999999999999e-05,2.2679672940028626e-05,0.9998
1128.0,0.3951,0.0038000000000000256,185.45000000002045,26.600000000002936,3.2411770948534846,0.03709,0.005320000000000002,0.9998
1130.0,0.4394,0.006884877129879944,92.74078500001023,13.387362595286874,3.208149361493543,0.018548157,0.00267747251905708,0.9998
1132.0,0.4837,0.009969754259759862,0.03157000000000348,0.17472519057081246,3.1754581821505443,6.314e-06,3.4945038114158644e-05,0.9998
1134.0,0.50345,0.00885671433935233,0.5697500000000627,50.306547306545326,3.1431001273246437,0.00011394999999999999,0.010061309461307956,0.9998
1136.0,0.56855,0.0016500000000000403,0.034455000000003795,7.000000000000756e-05,3.111071802462756,6.891000000000001e-06,1.3999999999999781e-08,0.9998
1138.0,0.6081000000000001,0.0,0.5075000000000559,0.0,3.0793698476024285,0.0001015,0.0,0.9998
1140.0,0.6903,0.008276283888316055,0.20830000000002294,0.19717681587539282,3.0479909370193727,4.1660000000000004e-05,3.9435363175074227e-05,0.9998
1142.0,0.76215,0.005312077632345415,0.26295000000002894,0.23702603303984193,3.0169317788785723,5.259e-05,4.740520660796317e-05,0.9998
1144.0,0.834,0.0023478713763747747,0.31760000000003497,0.27687525020429105,2.9861891148889517,6.352e-05,5.5375050040852115e-05,0.9998
1146.0,0.9145000000000001,0.008174158978145694,0.05962500000000657,0.2618672992543459,2.95575971996156,1.1925e-05,5.2373459850863403e-05,0.9998
1148.0,0.9847,0.0,0.3513500000000387,0.0,2.9256404018712394,7.027e-05,0.0,0.9998
1150.0,1.0630000000000002,0.011813363431112852,0.7495000000000827,0.3134960712141196,2.8958280009217496,0.0001499,6.269921424281701e-05,0.9998
1152.0,1.1139999999999999,0.002357022603955213,0.030260000000003336,0.0889038229711784,2.8663193896142825,6.052000000000001e-06,1.7780764594233724e-05,0.9998
1154.0,1.156,0.0040276819911982675,0.4109500000000452,0.1128948650539889,2.8371114723193807,8.219e-05,2.2578973010795294e-05,0.9998
1156.0,1.198,0.008640987597877155,0.9285000000001024,0.2659769204691223,2.8082011849521824,0.00018570000000000001,5.3195384093818594e-05,0.9998
1158.0,1.2285,0.0025000000000000577,0.3599500000000396,0.25205000000002775,2.779585494650982,7.199e-05,5.0409999999999993e-05,0.9998
1160.0,1.2545,0.00550000000000006,0.48205000000005305,0.4024500000000443,2.751261399459064,9.641e-05,8.049e-05,0.9998
1162.0,1.2754999999999999,0.011431863365173654,0.9945000000001094,0.4384108067427083,2.723225928009779,0.00019889999999999998,8.768216134853202e-05,0.9998
1164.0,1.282,0.005185449728701406,0.8540000000000939,0.37237964796998874,2.6954761392148376,0.00017079999999999998,7.447592959398956e-05,0.9998
1166.0,1.301,0.004988876515698513,0.0417750000000046,0.11685647110405095,2.6680091219557585,8.355e-06,2.337129422080762e-05,0.9998
1168.0,1.2974999999999999,0.007176350047203676,0.5332500000000588,0.5071008898632072,2.6408219947784857,0.00010665,0.00010142017797263026,0.9998
1170.0,1.3089999999999997,0.00877496438739213,0.26272500000002896,0.17758316267933302,2.6139119055911015,5.2545e-05,3.551663253586269e-05,0.9998
1172.0,1.3170000000000002,0.009568466729604926,0.04257500000000469,0.6943542365673266,2.5872760313646297,8.515e-06,0.00013887084731345004,0.9998
1174.0,1.324,0.0040000000000000036,0.02033750000000224,0.005862500000000645,2.560911577836878,4.0675e-06,1.1725e-06,0.9998
1176.0,1.32,0.007039570693981014,0.02216000000000244,0.007265744207505556,2.5348157792193033,4.432e-06,1.4531488415009513e-06,0.9998
1178.0,1.33,0.004642796092394673,0.017390000000001914,0.235140740881359,2.508985897906875,3.4779999999999996e-06,4.7028148176266624e-05,0.9998
1180.0,1.3285,0.00674536878161606,0.2568850000000283,0.607805349673947,2.483419224190866,5.1377e-05,0.000121561069934776,0.9998
1182.0,1.332,0.007141428428542856,0.01153750000000127,0.006967502578938216,2.4581130759746,2.3075e-06,1.3935005157874899e-06,0.9998
1184.0,1.326,0.01096458946893231,0.020960000000002307,0.3767513027921561,2.433064798492081,4.192e-06,7.535026055842292e-05,0.9998
1186.0,1.351,0.010370899457402707,1.1130000000001226,0.29115669702454194,2.408271764029492,0.0002226,5.823133940490196e-05,0.9998
1188.0,1.339,0.00659966329107445,0.004818500000000531,0.5397516339035614,2.3837313716495325,9.637e-07,0.0001079503267807004,0.9998
1190.0,1.3525,0.009974968671630027,0.10390275000001144,0.616357785027416,2.359441046918562,2.078055e-05,0.00012327155700546965,0.9998
1192.0,1.3619999999999999,0.0076941536246685795,0.8015000000000883,0.5748389421395116,2.3353982416365353,0.0001603,0.00011496778842788965,0.9998
1194.0,1.368,0.008730533902472597,0.4754500000000524,0.23472580575833804,2.311600433569668,9.509e-05,4.694516115166243e-05,0.9998
1196.0,1.3515,0.0004999999999999449,0.681700000000075,0.4608000000000507,2.2880451261858505,0.00013633999999999999,9.215999999999998e-05,0.9998
1198.0,1.349,0.0,0.22155000000002437,0.0,2.2647298483927387,4.4309999999999994e-05,0.0,0.9998
1200.0,1.358,0.008785641695402826,0.2158750000000238,0.008865479047971261,2.2416521542785275,4.3175000000000006e-05,1.7730958095940561e-06,0.9998
1202.0,1.3575,0.010500000000000065,0.5045750000000555,0.30492500000003353,2.2188096228553573,0.00010091499999999999,6.098499999999999e-05,0.9998
1204.0,1.3569999999999998,0.010248902380255146,0.49550000000005456,0.662183315454336,2.1961998578053388,9.91e-05,0.00013243666309085262,0.9998
1206.0,1.347,0.008999999999999897,0.24866000000002736,0.24189000000002664,2.173820487229162,4.9732e-05,4.8377999999999997e-05,0.9998
1208.0,1.346,0.011259463140136042,0.2205000000000243,0.3775964778320031,2.151669163397279,4.41e-05,7.551929556639229e-05,0.9998
1210.0,1.339,0.008042853971072834,0.006165000000000679,0.007814272345712012,2.129743562503599,1.2329999999999999e-06,1.5628544691422302e-06,0.9998
1212.0,1.3275000000000001,0.011554220008291352,0.7135325000000785,0.7306003335989618,2.1080413844217194,0.0001427065,0.0001461200667197763,0.9998
1214.0,1.313,0.011959933110180766,0.2379000000000262,0.10663585049129821,2.0865603524636214,4.758e-05,2.1327170098257295e-05,0.9998
1216.0,1.3185,0.0004999999999999449,1.5032500000001656,0.003250000000000308,2.065298213140836,0.00030065,6.499999999999887e-07,0.9998
1218.0,1.3184999999999998,0.005499999999999949,0.1371200000000151,0.11733000000001291,2.044252735928039,2.7423999999999997e-05,2.3465999999999995e-05,0.9998
1220.0,1.3105,0.0024999999999999467,0.14812750000001632,0.11252250000001239,2.0234217130290513,2.96255e-05,2.2504499999999998e-05,0.9998
1222.0,1.3045,0.008782874750836962,0.28507250000003137,0.32206433852142813,2.0028029591452374,5.70145e-05,6.441286770427854e-05,0.9998
1224.0,1.309,0.0,0.03368000000000371,0.0,1.9823943112462428,6.7359999999999995e-06,0.0,0.9998
1226.0,1.262,0.002000000000000113,0.07985000000000879,5.000000000000837e-05,1.9621936283430872,1.5969999999999998e-05,9.999999999999904e-09,0.9998
1228.0,1.281,0.012862348152650813,0.08135000000000897,0.1998599719804063,1.9421987912635599,1.6270000000000002e-05,3.997199439607686e-05,0.9998
1230.0,1.2734999999999999,0.000500000000000056,0.06732500000000742,0.0005250000000000532,1.9224077024299047,1.3465e-05,1.0499999999999984e-07,0.9998
1232.0,1.2650000000000001,0.0012472191289246088,0.07690000000000846,0.0045207546076099624,1.9028182856387734,1.538e-05,9.04150921521893e-07,0.9998
1234.0,1.2590000000000001,0.009177266598624155,0.08810000000000971,0.1080365704544444,1.8834284858434172,1.762e-05,2.16073140908865e-05,0.9998
1236.0,1.2505000000000002,0.0052122428637743825,0.0926000000000102,0.055743224839691956,1.864236268938106,1.852e-05,1.1148644967937164e-05,0.9998
1238.0,1.242,0.0012472191289246088,0.09710000000001069,0.003449879224939517,1.8452396215447293,1.942e-05,6.899758449878272e-07,0.9998
1240.0,1.24,0.0,0.09815000000001081,0.0,1.8264365508015883,1.963e-05,0.0,0.9998
1242.0,1.206,0.0,0.13680000000001508,0.0,1.807825084154329,2.7360000000000002e-05,0.0,0.9998
1244.0,1.225,0.01202774570177918,0.6105000000000672,0.012496666222105064,1.7894032691490116,0.00012209999999999999,2.499333244420732e-06,0.9998
1246.0,1.2145000000000001,0.0025000000000000577,0.8932500000000985,0.0187500000000021,1.7711691732272852,0.00017865,3.75000000000001e-06,0.9998
1248.0,1.205,0.0024944382578492965,0.1353000000000149,0.22804354847267977,1.7531208835236496,2.7060000000000002e-05,4.560870969453093e-05,0.9998
1250.0,1.201,0.007730459236035061,0.6325000000000696,0.4384432533407742,1.7352565066647907,0.00012649999999999998,8.76886506681452e-05,0.9998
1252.0,1.191,0.0,0.14810000000001633,0.0,1.717574168570945,2.962e-05,0.0,0.9998
1254.0,1.1844999999999999,0.0045000000000000595,0.16017500000001766,0.007575000000000845,1.7000720142593033,3.2035e-05,1.5150000000000016e-06,0.9998
1256.0,1.182,0.0009428090415820641,0.917500000000101,0.3558260272474381,1.6827482076494107,0.0001835,7.116520544947978e-05,0.9998
1258.0,1.1640000000000001,0.013000000000000012,0.29185000000003214,0.10235000000001127,1.665600931370551,5.837e-05,2.047e-05,0.9998
1260.0,1.149,0.013021349989749676,0.1824500000000201,0.27963891738049745,1.6486283865710936,3.649e-05,5.592778347609333e-05,0.9998
1262.0,1.159,0.014999999999999902,0.3320805000000365,0.33041950000003634,1.6318287927297805,6.64161e-05,6.608389999999999e-05,0.9998
1264.0,1.162,0.0030000000000000027,0.7114000000000784,0.5381000000000593,1.615200387468947,0.00014228,0.00010762,0.9998
1266.0,1.1465,0.007395099728874543,0.0006958000000000765,0.07629190597579774,1.5987414263696276,1.3915999999999998e-07,1.5258381195157867e-05,0.9998
1268.0,1.159,0.010338708279513874,0.17380000000001913,0.5482710002514568,1.5824501827885622,3.476e-05,0.00010965420005027928,0.9998
1270.0,1.1520000000000001,0.009337424698491586,0.09175750000001011,0.528777136899359,1.5663249476770589,1.83515e-05,0.00010575542737986016,0.9998
1272.0,1.162,0.012255100978776074,0.4241250000000467,0.2353868318853291,1.550364029401706,8.482499999999999e-05,4.707736637706064e-05,0.9998
1274.0,1.1500000000000001,0.007408703590297662,0.18295000000002015,0.23942289062570477,1.5345657535669082,3.659e-05,4.788457812513568e-05,0.9998
1276.0,1.161,0.01265789169736506,0.945000000000104,0.3452135409987782,1.518928462839233,0.00018899999999999999,6.904270819974803e-05,0.9998
1278.0,1.166,0.0,0.1645000000000181,0.0,1.5034505167735455,3.29e-05,0.0,0.9998
1280.0,1.1764999999999999,0.013499999999999956,0.1625500000000179,0.012384819336592426,1.4881302916409205,3.251e-05,2.4769638673182134e-06,0.9998
1282.0,1.203,0.0,0.1346500000000148,0.0,1.4729661802582963,2.6929999999999998e-05,0.0,0.9998
1284.0,1.202,0.01200000000000001,0.5244250000000579,0.3780750000000417,1.457956591819877,0.00010488500000000001,7.561500000000001e-05,0.9998
1286.0,1.2195,0.012499999999999956,0.1190000000000131,0.014750000000001623,1.4430999517302454,2.38e-05,2.9500000000000006e-06,0.9998
1288.0,1.25,0.004082482904638543,0.8820000000000972,0.14027195807511408,1.4283947014391793,0.0001764,2.8054391615019726e-05,0.9998
1290.0,1.241,0.0,0.09565000000001053,0.0016000000000001707,1.4138392982781498,1.913e-05,3.1999999999999863e-07,0.9998
1292.0,1.282,0.01014341603646866,0.08175000000000901,0.36529674314943583,1.3994322152984855,1.635e-05,7.305934862987914e-05,0.9998
1294.0,1.3050000000000002,0.008524474568363007,0.5315000000000585,0.5924704518840014,1.3851719411111905,0.0001063,0.00011849409037678722,0.9998
1296.0,1.311,0.009340770846134678,1.0200000000001124,0.5571589248141579,1.3710569797283845,0.000204,0.0001114317849628193,0.9998
1298.0,1.3445,0.009027735042633957,0.24592250000002708,0.47821941884066194,1.3570858504063679,4.9184499999999996e-05,9.564388376812185e-05,0.9998
1300.0,1.3745,0.011500000000000066,0.8245250000000909,0.6384750000000704,1.3432570874902838,0.000164905,0.000127695,0.9998
1302.0,1.4080000000000001,0.008993825042154641,1.1070000000001219,0.2947598834456752,1.3295692402603607,0.00022140000000000001,5.895197668912855e-05,0.9998
1304.0,1.453,0.00047140452079097976,0.39805000000004387,0.002459787705383726,1.3160208727797236,7.961e-05,4.919575410766908e-07,0.9998
1306.0,1.484,0.008730533902472404,0.09010000000000992,0.4497317095286924,1.3026105637437544,1.802e-05,8.994634190572858e-05,0.9998
1308.0,1.5215,0.010425329730996552,0.3516250000000387,0.28195540095025223,1.2893369063309936,7.0325e-05,5.6391080190044244e-05,0.9998
1310.0,1.5705,0.007653975002136703,0.0072575000000008,0.006778402960978272,1.2761985080555498,1.4515e-06,1.3556805921955053e-06,0.9998
1312.0,1.6039999999999999,0.01019803902718568,0.23695000000002608,0.7119980926161251,1.2631939906210221,4.739e-05,0.00014239961852320938,0.9998
1314.0,1.6569999999999998,0.0051854497287015106,0.18565000000002044,0.5023051136732313,1.25032198977591,3.713e-05,0.0001004610227346352,0.9998
1316.0,1.73,0.007127411872482173,0.4184500000000461,0.14505768714550993,1.2375811551704943,8.369000000000001e-05,2.9011537429098793e-05,0.9998
1318.0,1.779,0.0030000000000000027,0.22020000000002424,0.1524500000000168,1.2249701502151766,4.404e-05,3.0489999999999998e-05,0.9998
1320.0,1.8545,0.005499999999999838,0.15298500000001686,0.1478650000000163,1.2124876519402632,3.0597e-05,2.9573e-05,0.9998
1322.0,1.917,0.0062928530890208655,1.5245000000001678,0.631491771601252,1.2001323508571808,0.0003049,0.00012629835432023648,0.9998
1324.0,1.99425,0.004766611719112391,1.3305000000001466,0.5807790535363181,1.1879029508210985,0.0002661,0.00011615581070725082,0.9998
1326.0,2.0715000000000003,0.003240370349203916,1.1365000000001253,0.5300663354713842,1.1757981688949568,0.00022730000000000002,0.00010601326709426514,0.9998
1328.0,2.145,0.002000000000000224,0.027245000000003003,0.002135000000000234,1.16381673521488,5.449e-06,4.269999999999999e-07,0.9998
1330.0,2.235,0.004127953488110107,0.3145500000000347,0.21068962812632655,1.1519573928569606,6.291e-05,4.2137925625260664e-05,0.9998
1332.0,2.3275,0.0024999999999999467,1.144750000000126,0.012750000000001371,1.1402188977053982,0.00022895,2.5499999999999942e-06,0.9998
1334.0,2.423,0.0,0.5615000000000618,0.0,1.128600018321986,0.00011229999999999999,0.0,0.9998
1336.0,2.5140000000000002,0.003187475490101745,0.03530000000000389,0.0032247387491085673,1.1170995358169251,7.06e-06,6.449477498216424e-07,0.9998
1338.0,2.609,0.0,1.4740000000001623,0.0,1.105716243720958,0.0002948,0.0,0.9998
1340.0,2.6995,0.006977642868476454,2.054250000000226,0.026113633891133404,1.0944489478587975,0.00041085000000000004,5.2227267782260845e-06,0.9998
1342.0,2.8149999999999995,0.0020548046676564834,0.18270000000002012,0.007171587457925751,1.0832964662238553,3.654e-05,1.4343174915849912e-06,0.9998
1344.0,2.8890000000000002,0.010000000000000009,0.6393000000000704,0.5272000000000581,1.0722576288542403,0.00012785999999999999,0.00010544,0.9998
1346.0,2.982,0.007395099728874479,0.010157500000001119,0.006558819035086588,1.0613312777100237,2.0315e-06,1.3117638070171732e-06,0.9998
1348.0,3.073,0.006015604707758021,1.0580750000001165,0.6515445461555898,1.050516266551753,0.000211615,0.00013030890923110362,0.9998
1350.0,3.1585,0.009822027398771634,1.2397500000001367,0.9660331976123255,1.0398114608202031,0.00024795,0.00019320663952244384,0.9998
1352.0,3.2379999999999995,0.005715476066494282,0.880500000000097,0.2942822350888819,1.0292157375173598,0.0001761,5.88564470177699e-05,0.9998
1354.0,3.3360000000000003,0.009000000000000119,0.8948000000000985,0.7102000000000782,1.0187279850886035,0.00017896,0.00014204,0.9998
1356.0,3.403,0.0009999999999998899,0.7233500000000797,0.6061500000000668,1.0083471033061049,0.00014467,0.00012123,0.9998
1358.0,3.493,0.007810249675906448,0.020462500000002257,0.5848923236842513,0.9980720031534027,4.0925e-06,0.00011697846473683734,0.9998
1360.0,3.572,0.015641824275533487,0.5470000000000602,0.29380293849225825,0.987901606711161,0.0001094,5.876058769844517e-05,0.9998
1362.0,3.6790000000000003,0.005099019513592978,1.9485000000002146,0.3901600811063613,0.9778348470440873,0.0003897,7.803201622126365e-05,0.9998
1364.0,3.776,0.0,0.32870000000003624,0.0,0.967870668089005,6.574e-05,0.0,0.9998
1366.0,3.907,0.019258475767539116,0.22735000000002503,1.1226117289112771,0.9580080245440686,4.547e-05,0.00022452234578223065,0.9998
1368.0,4.001,0.0065489609014628206,1.6155000000001778,0.7154351045964977,0.9482458817591013,0.0003231,0.0001430870209192838,0.9998
1370.0,4.157500000000001,0.014500000000000401,4.050250000000446,0.4827500000000535,0.9385832156270558,0.00081005,9.655000000000004e-05,0.9998
1372.0,4.346,0.00953356643071659,0.5015000000000552,1.3458739583137294,0.9290190124765803,0.0001003,0.00026917479166271624,0.9998
1374.0,4.551,0.027652606869274846,0.29380000000003237,1.3324306419307337,0.9195522689656769,5.876e-05,0.00026648612838611735,0.9998
1376.0,4.832,0.032252906845740434,0.007745000000000852,2.3682008688214737,0.9101819919764462,1.549e-06,0.00047364017376424247,0.9998
1378.0,5.139,0.027255988129012705,3.9020000000004305,1.6348118505403781,0.9009071985109012,0.0007804000000000001,0.0003269623701080396,0.9998
1380.0,5.5200000000000005,0.04157691667259638,0.14930000000001645,0.7955566520368863,0.8917269155878494,2.986e-05,0.0001591113304073597,0.9998
1382.0,6.0009999999999994,0.0209642552932363,2.7222500000002996,146.2684789895847,0.8826401801408159,0.00054445,0.029253695797913717,0.9998
1384.0,6.585,0.042237424163885526,0.11295000000001243,1.1548307722203115,0.8736460389170148,2.259e-05,0.0002309661544440368,0.9998
1386.0,7.22,0.07234638899074426,1.8570000000002047,1.2119604870714829,0.8647435483773472,0.00037140000000000003,0.00024239209741426987,0.9998
1388.0,7.9005,0.016499999999999737,5.911750000000651,3.008250000000331,0.8559317745974182,0.00118235,0.00060165,0.9998
1390.0,8.8,0.059086271671175805,1.188075000000131,1.4521630456840802,0.8472097931695619,0.000237615,0.00029043260913678406,0.9998
1392.0,9.74,0.02859292841867584,7.845000000000863,7.08403408298548,0.838576689105866,0.0015689999999999999,0.00141680681659694,0.9998
1394.0,10.82,0.06342099196813568,3.921500000000432,262.64021888838244,0.8300315567421859,0.0007843,0.052528043777670695,0.9998
1396.0,12.0,0.11224972160321806,2.6595000000002926,0.9717776094469506,0.8215734996431314,0.0005319,0.00019435552188936872,0.9998
1398.0,13.23,0.1267543556122098,10.725000000001183,1.8172690132909308,0.8132016305080283,0.002145,0.0003634538026581462,0.9998
1400.0,14.26,0.1317308333208047,6.410500000000707,0.9631453363543977,0.8049150710778337,0.0012821,0.00019262906727085836,0.9998
1402.0,15.29,0.13670731102939962,2.096000000000231,0.1090216594178646,0.7967129520430024,0.0004192,2.1804331883570515e-05,0.9998
1404.0,16.419999999999998,0.06835365551469981,35.04800000000386,0.0545108297089323,0.7885944129522905,0.0070096,1.0902165941785258e-05,0.9998
1406.0,17.549999999999997,0.0,68.00000000000749,0.0,0.7805586021224891,0.013600000000000001,0.0,0.9998
1408.0,18.255,0.1999999999999993,635.08625000007,591.6637500000652,0.772604676549077,0.12701725000000003,0.11833275000000001,0.9998
1410.0,18.96,0.3999999999999986,1202.1725000001325,1183.3275000001304,0.7647318018177873,0.24043450000000002,0.23666550000000003,0.9998
1412.0,19.49125,0.34999999999999876,1051.989000000116,1035.411562500114,0.7569391520170683,0.21039780000000002,0.20708231250000003,0.9998
1414.0,20.0225,0.29999999999999893,901.8055000000993,887.4956250000978,0.7492259096514424,0.18036110000000002,0.17749912500000004,0.9998
1416.0,20.55375,0.2499999999999991,751.6220000000828,739.5796875000815,0.7415912655557467,0.15032440000000002,0.1479159375,0.9998
1418.0,21.085,0.1999999999999993,601.4385000000663,591.6637500000652,0.7340344188102454,0.12028770000000001,0.11833275000000001,0.9998
1420.0,21.61625,0.14999999999999947,451.2550000000497,443.7478125000489,0.7265545766566095,0.090251,0.08874956250000002,0.9998
1422.0,22.1475,0.09999999999999964,301.0715000000332,295.8318750000326,0.7191509544147503,0.0602143,0.05916637499999999,0.9998
1424.0,22.67875,0.04999999999999982,150.88800000001652,147.9159375000163,0.711822775400505,0.0301776,0.029583187499999997,0.9998
1426.0,23.21,0.0,0.7045000000000776,0.0,0.7045692708441538,0.0001409,0.0,0.9998
1428.0,23.095000000000002,0.288333333333334,824.6795916667573,824.1234083334242,0.6973896798097734,0.16493591833333335,0.16482468166666667,0.9998
1430.0,22.98,0.576666666666668,1648.6546833335146,1648.2468166668484,0.6902832491154106,0.3297309366666667,0.32964936333333333,0.9998
1432.0,22.865000000000002,0.865000000000002,2472.6297750002723,2472.3702250002725,0.6832492332540686,0.494525955,0.49447404500000003,0.9998
1434.0,23.865000000000002,0.125,77.31000000000851,62.590000000006896,0.6762868943154985,0.015462,0.012518000000000001,0.9998
1436.0,24.105,0.03500000000000014,6.465000000000712,2.575000000000284,0.669395501908788,0.001293,0.0005150000000000002,0.9998
1438.0,24.2025,0.01750000000000007,34.082500000003755,1.287500000000142,0.6625743330857413,0.0068165,0.0002575000000000001,0.9998
1440.0,24.3,0.0,61.700000000006796,0.0,0.6558226722650339,0.01234,0.0,0.9998
1442.0,24.354999999999997,0.05307227776030335,32.6697500000036,1.1144451222719896,0.6491398111571458,0.00653395,0.00022288902445437335,0.9998
1444.0,24.409999999999997,0.1061445555206067,3.6395000000004005,2.228890244543979,0.6425250486900581,0.0007279,0.0004457780489087467,0.9998
1446.0,24.310000000000002,0.1593737745050911,62.05000000000683,23.012608259147974,0.6359776909357057,0.01241,0.004602521651829088,0.9998
1448.0,24.265,0.15500000000000114,48.10500000000529,26.945000000002963,0.6294970510371798,0.009621,0.005389,0.9998
1450.0,24.0,0.0,14.395000000001586,0.0,0.6230824491366727,0.002879,0.0,0.9998
1452.0,24.41,0.21000000000000085,51.71250000000569,43.437500000004775,0.6167332123041583,0.0103425,0.008687499999999999,0.9998
1454.0,24.36,0.10500000000000043,56.856250000006256,21.718750000002387,0.6104486744667952,0.01137125,0.0043437499999999995,0.9998
1456.0,24.310000000000002,0.0,62.00000000000683,0.0,0.6042281763390523,0.0124,0.0,0.9998
1458.0,24.08,0.12768711759609924,21.090000000002323,33.43397119627385,0.5980710653535471,0.004218,0.006686794239254035,0.9998
1460.0,24.47,0.07000000000000206,45.01750000000495,31.032500000003413,0.5919766955925867,0.0090035,0.0062065,0.9998
1462.0,24.355999999999998,0.056000000000001646,36.029240000003966,24.82600000000273,0.5859444277204063,0.007205847999999999,0.0049652,0.9998
1464.0,24.242,0.04200000000000124,27.040980000002975,18.61950000000205,0.5799736289161005,0.005408196,0.0037239,0.9998
1466.0,24.128,0.02800000000000083,18.052720000001987,12.413000000001364,0.5740636728072368,0.0036105440000000003,0.0024825999999999997,0.9998
1468.0,24.014000000000003,0.014000000000000415,9.064460000000999,6.206500000000684,0.5682139394041432,0.001812892,0.0012412999999999999,0.9998
1470.0,23.900000000000002,0.0,0.07620000000000839,0.0,0.5624238150348698,1.524e-05,0.0,0.9998
1472.0,23.5775,0.038303883615112014,4.866850000000536,1.0109294821939734,0.5566926922808099,0.0009733700000000001,0.0002021858964387724,0.9998
1474.0,23.255000000000003,0.07660776723022403,9.657500000001065,2.0218589643879468,0.5510199699129784,0.0019315,0.0004043717928775448,0.9998
1476.0,23.090000000000003,0.0,4.984500000000549,0.0,0.5454050528289393,0.0009969,0.0,0.9998
1478.0,22.735,0.0,5.332250000000586,0.0,0.539847351990376,0.00106645,0.0,0.9998
1480.0,22.38,0.0,5.680000000000625,0.0,0.5343462843612973,0.0011359999999999999,0.0,0.9998
1482.0,22.07,0.0,6.025000000000663,0.0,0.5289012728468746,0.001205,0.0,0.9998
1484.0,21.835,0.034999999999998366,61.39000000000676,50.21000000000553,0.5235117462328992,0.012277999999999999,0.010041999999999999,0.9998
1486.0,21.566666666666666,0.02333333333333224,41.90616666667128,33.473333333337024,0.5181771391258602,0.008381233333333333,0.0066946666666666665,0.9998
1488.0,21.298333333333336,0.01166666666666612,22.4223333333358,16.736666666668512,0.5128968918936305,0.004484466666666667,0.0033473333333333332,0.9998
1490.0,21.03,0.0,2.9385000000003236,0.0,0.5076704506067587,0.0005877,0.0,0.9998
1492.0,20.689999999999998,0.0,24.925000000002743,0.0,0.5024972669803579,0.004985,0.0,0.9998
1494.0,20.384999999999998,0.027386127875259667,0.04401000000000485,0.028371211283406236,0.4973767983165874,8.802000000000001e-06,5.674242256680622e-06,0.9998
1496.0,20.12,0.0,0.31415000000003457,0.0,0.49230850744772203,6.282999999999999e-05,0.0,0.9998
1498.0,19.693333333333335,0.03265986323710882,5.029433333333886,7.416820987159369,0.4872918626797973,0.0010058866666666666,0.0014833641974317106,0.9998
1500.0,19.266666666666666,0.06531972647421765,9.744716666667738,14.833641974318738,0.4823263377368336,0.0019489433333333332,0.002966728394863421,0.9998
1502.0,18.84,0.09797958971132648,14.46000000000159,22.250462961478107,0.477411411705626,0.0028919999999999996,0.0044500925922951315,0.9998
1504.0,18.509999999999998,0.0,44.64000000000492,0.0,0.4725465689810974,0.008928,0.0,0.9998
1506.0,18.27,0.0,2.2040000000002427,0.0,0.4677312992122086,0.0004408,0.0,0.9998
1508.0,17.81,0.02943920288775806,10.500000000001158,21.95352717801087,0.46296509724841883,0.0021000000000000003,0.00439070543560169,0.9998
1510.0,17.43,0.030000000000001137,1.5140276500001668,1.5139723500001667,0.45824746308669423,0.00030280553,0.00030279446999999997,0.9998
1512.0,17.06,0.0,21.075000000002323,0.0,0.453577901819052,0.004215,0.0,0.9998
1514.0,16.625,0.11499999999999844,8.36500000000092,7.765000000000854,0.44895592358064335,0.0016729999999999998,0.0015529999999999997,0.9998
1516.0,16.37,0.0,1.0415000000001147,0.0,0.4443810434983632,0.0002083,0.0,0.9998
1518.0,15.38,0.023570226039552757,1940.5000000002137,19.161593531508625,0.43985278163998426,0.3881,0.0038323187063012986,0.9998
1520.0,15.61,0.0,1.7795000000001961,0.0,0.4353706629638091,0.00035590000000000003,0.0,0.9998
1522.0,15.279999999999998,0.04999999999999982,8.862500000000976,3.72250000000041,0.4309342172688352,0.0017725000000000002,0.0007445,0.9998
1524.0,14.895,0.07313176359397913,7.288750000000802,16.34632255562973,0.4265429791454294,0.00145775,0.0032692645111255863,0.9998
1526.0,14.510000000000002,0.09626352718795846,5.715000000000629,28.97014511125905,0.42219648792650166,0.001143,0.005794029022251173,0.9998
1528.0,13.83,0.3003731013256681,2045.000000000225,1317.6577336814528,0.41789428763917963,0.409,0.26353154673626156,0.9998
1530.0,13.915,0.015000000000000568,0.9110000000001003,0.009000000000001007,0.41363592695697404,0.00018219999999999998,1.800000000000003e-06,0.9998
1532.0,13.3,0.401901729282172,1450.8092500001599,1563.149655382575,0.4094209591524318,0.29016185,0.31262993107648057,0.9998
1534.0,13.360000000000001,0.0,10.800000000001189,0.0,0.4052489420502718,0.00216,0.0,0.9998
1536.0,13.06,0.02160246899469323,10.825000000001193,4.246652040791608,0.4011194379809979,0.0021650000000000003,0.0008493304081582282,0.9998
1538.0,12.719999999999999,0.04493050188902907,4.699000000000517,3.9433176716666423,0.3970320137349846,0.0009398,0.0007886635343332416,0.9998
1540.0,12.435,0.015000000000000568,0.18865000000002077,0.00555000000000061,0.39298624051703196,3.773e-05,1.1100000000000012e-06,0.9998
1542.0,12.16,0.019999999999999574,1.5347500000001693,1.032750000000114,0.38898169390138054,0.00030695000000000006,0.00020655000000000003,0.9998
1544.0,11.94,0.03162277660168424,0.7582500000000835,54.78659084618732,0.38501795378718795,0.00015165,0.010957318169236258,0.9998
1546.0,11.739999999999998,0.0,8.880000000000978,0.0,0.38109460435445713,0.001776,0.0,0.9998
1548.0,11.45,0.020000000000000462,17.485000000001925,8.585000000000946,0.3772112340204148,0.003497,0.001717,0.9998
1550.0,11.19,0.05436502143433309,9.275000000001022,20.31437252702523,0.3733674353963338,0.001855,0.004062874505404599,0.9998
1552.0,10.96,0.062096698785040164,1.7635000000001944,16.588688518386878,0.36956280524479507,0.0003527,0.00331773770367701,0.9998
1554.0,10.72,0.0,0.04251000000000469,0.0,0.3657969444373871,8.502000000000001e-06,0.0,0.9998
1556.0,10.535,0.07214953607304449,1.1547550000001274,295.0218675329092,0.3620694579128331,0.000230951,0.059004373506575336,0.9998
1558.0,10.35,0.14429907214608897,2.26700000000025,590.0437350658184,0.35837995463554795,0.0004534,0.11800874701315067,0.9998
1560.0,10.03,0.0,0.745000000000082,0.0,0.3547280475546157,0.000149,0.0,0.9998
1562.0,9.939,0.014522013940528001,0.8150000000000898,0.8779397283793667,0.351113353563186,0.000163,0.000175587945675854,0.9998
1564.0,9.7055,0.042710914556143814,6.365000000000701,2.9531926744159693,0.3475354934582836,0.001273,0.0005906385348831287,0.9998
1566.0,9.595,0.0,3.0305000000003335,0.0,0.34399409190102753,0.0006060999999999999,0.0,0.9998
1568.0,9.382,0.041999999999999815,2.3027500000002536,0.8897500000000981,0.3404887773772573,0.00046055,0.00017795,0.9998
1570.0,9.192,0.05500000000000016,2.0741875000002286,1.2553125000001384,0.3370191821585554,0.0004148375,0.0002510625,0.9998
1572.0,9.001999999999999,0.0680000000000005,1.8456250000002032,1.6208750000001786,0.33358494226367535,0.000369125,0.000324175,0.9998
1574.0,8.876,0.0,0.30150000000003324,0.0,0.3301856974203524,6.03e-05,0.0,0.9998
1576.0,8.732,0.016268579122549698,3.939500000000434,2.158686727825488,0.3268210910275137,0.0007879,0.00043173734556505017,0.9998
1578.0,8.559000000000001,0.037878093933036865,4.0410000000004445,1.4617656275889341,0.3234907701178662,0.0008082,0.0002923531255177547,0.9998
1580.0,8.388000000000002,0.09806843468056567,5.375500000000592,354.23443904494115,0.32019438532086736,0.0010751,0.07084688780898045,0.9998
1582.0,8.217,0.15825877542809447,6.71000000000074,707.0071124622934,0.31693159082607747,0.001342,0.14140142249244314,0.9998
1584.0,8.1025,0.03450000000000042,3.826250000000421,2.7937500000003075,0.3137020443468778,0.00076525,0.00055875,0.9998
1586.0,8.02,0.0,3.7567500000004133,1.0217500000001125,0.3105054070845672,0.00075135,0.00020435,0.9998
1588.0,7.877,0.0,2.878000000000317,0.0,0.30734134369281546,0.0005756,0.0,0.9998
1590.0,7.7635,0.0315861916032935,0.05633000000000621,0.03140783687533603,0.30420952224248765,1.1266e-05,6.281567375066513e-06,0.9998
1592.0,7.666,0.02699999999999969,2.511675000000277,2.3793250000002626,0.3011096141868208,0.000502335,0.000475865,0.9998
1594.0,7.544499999999999,0.025362373705944585,0.9424000000001037,1.1692235767808916,0.298041294326956,0.00018847999999999998,0.00023384471535615255,0.9998
1596.0,7.082,0.08499999999999996,1807.5000000001992,400.5000000000442,0.29500424077782655,0.3615,0.0801,0.9998
1598.0,7.3085,0.03449999999999953,2.871250000000316,2.4187500000002657,0.2919981349343866,0.00057425,0.00048374999999999997,0.9998
